[{"line":3,"elements":[{"start_timestamp":"2022-02-06T22:17:49.309Z","before":[{"result":{"duration":2669852800,"status":"passed"},"match":{"location":"definitions.hooks.setUp()"}}],"line":6,"name":"Compra de un producto","description":"","id":"funcionalidad-del-carrito-de-compra;compra-de-un-producto","after":[{"result":{"duration":160570900,"status":"passed"},"match":{"location":"definitions.hooks.tearDown()"}}],"type":"scenario","keyword":"Escenario","steps":[{"result":{"duration":2349638500,"status":"passed"},"line":7,"name":"que la web esta operativa","match":{"location":"definitions.CarritoDefinition.queLaWebEstaOperativa()"},"keyword":"Dado "},{"result":{"duration":1689702900,"status":"passed"},"line":8,"name":"se genera el numero de tarjeta","match":{"location":"definitions.CarritoDefinition.seGeneraElNumeroDeTarjeta()"},"keyword":"Cuando "},{"result":{"duration":385029000,"status":"passed"},"line":9,"name":"selecciona la cantidad \"5\"","match":{"arguments":[{"val":"\"5\"","offset":23}],"location":"definitions.CarritoDefinition.seleccionaLaCantidad(java.lang.String)"},"keyword":"Y "},{"result":{"duration":675963100,"status":"passed"},"line":10,"name":"realiza la compra del producto","match":{"location":"definitions.CarritoDefinition.realizaLaCompraDelProducto()"},"keyword":"Y "},{"result":{"duration":589265900,"status":"passed"},"line":11,"name":"ingresa los datos de la tarjeta","match":{"location":"definitions.CarritoDefinition.ingresaLosDatosDeLaTarjeta()"},"keyword":"E "},{"result":{"duration":830440600,"status":"passed"},"line":12,"name":"paga el producto","match":{"location":"definitions.CarritoDefinition.pagaElProducto()"},"keyword":"Y "},{"result":{"duration":400425600,"status":"passed"},"line":13,"name":"validar el mensaje de pago \"Payment successfull!\"","match":{"arguments":[{"val":"\"Payment successfull!\"","offset":27}],"location":"definitions.CarritoDefinition.validarElMensajeDePago(java.lang.String)"},"keyword":"Entonces "}],"tags":[{"name":"@primerafuncionalidad"},{"name":"@smoke"}]}],"name":"Funcionalidad del carrito de compra","description":"","id":"funcionalidad-del-carrito-de-compra","keyword":"Característica","uri":"file:src/test/resources/features/carrito.feature","tags":[{"name":"@primerafuncionalidad","type":"Tag","location":{"line":2,"column":1}}]},{"line":3,"elements":[{"start_timestamp":"2022-02-06T22:17:59.213Z","before":[{"result":{"duration":1570971800,"status":"passed"},"match":{"location":"definitions.hooks.setUp()"}}],"line":5,"name":"Compra de un producto version 2","description":"","id":"funcionalidad-del-carrito-de-compra-version-2;compra-de-un-producto-version-2","after":[{"result":{"duration":175530500,"status":"passed"},"match":{"location":"definitions.hooks.tearDown()"}}],"type":"scenario","keyword":"Escenario","steps":[{"result":{"duration":2097028400,"status":"passed"},"line":6,"name":"que la web esta operativa","match":{"location":"definitions.CarritoDefinition.queLaWebEstaOperativa()"},"keyword":"Dado "},{"result":{"duration":1653326300,"status":"passed"},"line":7,"name":"se genera el numero de tarjeta","match":{"location":"definitions.CarritoDefinition.seGeneraElNumeroDeTarjeta()"},"keyword":"Cuando "},{"result":{"duration":282799300,"status":"passed"},"line":8,"name":"selecciona la cantidad \"1\"","match":{"arguments":[{"val":"\"1\"","offset":23}],"location":"definitions.CarritoDefinition.seleccionaLaCantidad(java.lang.String)"},"keyword":"Y "},{"result":{"duration":723454100,"status":"passed"},"line":9,"name":"realiza la compra del producto","match":{"location":"definitions.CarritoDefinition.realizaLaCompraDelProducto()"},"keyword":"Y "},{"result":{"duration":754157100,"status":"passed"},"line":10,"name":"ingresa los datos de la tarjeta","match":{"location":"definitions.CarritoDefinition.ingresaLosDatosDeLaTarjeta()"},"keyword":"E "},{"result":{"duration":808791300,"status":"passed"},"line":11,"name":"paga el producto","match":{"location":"definitions.CarritoDefinition.pagaElProducto()"},"keyword":"Y "},{"result":{"duration":257243500,"status":"passed"},"line":12,"name":"validar el mensaje de pago \"Payment successfull!\"","match":{"arguments":[{"val":"\"Payment successfull!\"","offset":27}],"location":"definitions.CarritoDefinition.validarElMensajeDePago(java.lang.String)"},"keyword":"Entonces "}],"tags":[{"name":"@primerafuncionalidad"},{"name":"@smoke"}]}],"name":"Funcionalidad del carrito de compra version 2","description":"","id":"funcionalidad-del-carrito-de-compra-version-2","keyword":"Característica","uri":"file:src/test/resources/features/carrito2.feature","tags":[{"name":"@primerafuncionalidad","type":"Tag","location":{"line":2,"column":3}}]}]